entity_uuid,fund_uuid,fund_name,started_on,announced_on,raised_amount,raised_amount_currency_code,created_at,updated_at
b51ff078-c9d9-9f51-681d-4f9ac888e070,35a6f12f-e3ad-1d64-7ac9-a5195ff96d43,"2007 ""Consumer"" Fund",2007-07-09,,300000000,USD,2009-01-21 03:43:12,2014-04-20 12:19:49
56e40f50-97c7-2a77-255d-1d97d5f30646,0d6eeb32-ebbf-09c5-61f8-2db8f44bcfac,500 Startups III-A,2013-10-15,,26867000,USD,2013-10-16 11:22:52,2014-08-02 22:38:01
b08efc27-da40-505a-6f9d-c9e14247bf36,6e185c54-bfbe-dc54-c336-0871b229d920,Accel Fund,2008-12-01,,10000000000,USD,2009-10-22 22:43:59,2014-04-20 12:20:02
b08efc27-da40-505a-6f9d-c9e14247bf36,d0ff1222-a890-43a7-30bb-d83350c9f1cb,Accel Growth Fund 3,2014-03-19,,1000000000,USD,2014-05-31 08:03:08,2014-09-10 23:17:08
b08efc27-da40-505a-6f9d-c9e14247bf36,694529bc-2e44-1d6e-e373-20356b3a8b32,Accel Growth Fund II,2011-06-16,,875000000,USD,2011-06-17 03:56:47,2014-04-20 12:20:20
b08efc27-da40-505a-6f9d-c9e14247bf36,f4b44840-124c-3800-4f19-a64ec7d7f0bc,Accel India Fund III,2011-11-16,,155000000,USD,2011-11-17 02:04:13,2014-04-20 12:19:54
b08efc27-da40-505a-6f9d-c9e14247bf36,76466947-3d03-ae50-7947-e67630765f20,Accel London IV,2013-03-21,,475000000,USD,2013-02-08 04:23:55,2014-04-20 12:20:18
b08efc27-da40-505a-6f9d-c9e14247bf36,54b3367d-616d-45d5-6514-ad84a5697126,Accel XI,2011-06-16,,475000000,USD,2011-06-17 03:56:47,2014-04-20 12:20:20
93c87ab7-7cee-5c54-9941-104693dbbdba,5bbb47a0-96da-a262-ae6e-bb32760ad98d,Amidzad Partners,1999-01-01,,,USD,2013-04-30 16:47:32,2014-04-20 12:19:46
902deab4-ec41-68ce-d9df-c0c959578176,5b7136c7-82b9-5290-eeaa-089769330cba,Angel Fund,2010-02-26,,20000000,USD,2010-02-27 03:05:57,2014-04-20 12:20:22
f3716725-552d-b9b5-59ad-de4ec64b1751,b9033112-74ec-73bb-62ee-11ff50eb249a,AppUpSM Fund,2011-11-15,,100000000,USD,2011-11-16 03:15:21,2014-04-20 12:19:53
7a42b564-4bb6-5864-6cdb-a0100008f3b3,9b293e1a-2749-5073-0053-296352a27a14,Battery Fund,2007-07-06,,750000000,USD,2009-01-21 03:45:49,2014-04-20 12:19:49
7a42b564-4bb6-5864-6cdb-a0100008f3b3,f7817155-7aac-89f2-dfd2-2fa3238851b8,Battery Ventures IX,2010-03-02,,709600000,USD,2010-03-03 01:59:02,2014-04-20 12:20:24
7a42b564-4bb6-5864-6cdb-a0100008f3b3,aae0e741-7b26-1fec-6f02-e2e96f734c32,Battery Ventures X,2013-02-21,,650000000,USD,2013-02-22 02:35:12,2014-04-20 12:20:21
7a42b564-4bb6-5864-6cdb-a0100008f3b3,0d89d53f-9fed-dcaf-69c8-1fbc8b9f6e0c,Battery Ventures X Side Fund,2013-02-21,,250000000,USD,2013-02-22 02:35:12,2014-04-20 12:20:21
fe2d1e8b-f607-3c9f-fad7-98fb8412f77e,19778e64-c22a-19c0-05dd-54ea0337721b,Benchmark Capital Partners VIII LP,2013-12-06,,425000000,USD,2013-12-06 18:10:22,2014-04-20 12:19:51
fe2d1e8b-f607-3c9f-fad7-98fb8412f77e,0db3d0cd-f6fd-f8d4-97f0-89a71c2658f5,Benchmark Capital Partners VII LP,2011-01-14,,425000000,USD,2012-11-08 21:00:56,2014-04-20 12:20:06
beadb218-e5fa-2686-bc95-4dfaa9acc2e8,a3143f74-2c8f-699d-e3a5-07a35da5a9de,Bessemer Venture Partners VIII,2011-04-01,,1600000000,USD,2011-04-02 01:46:46,2014-04-20 12:20:12
4e0cf914-3a8e-c3c2-4ef8-ee6f5e8fdb47,1f541bf5-d52f-907f-cff9-446f45079b6c,Charles River Partnership XIII,2007-04-01,,285000000,USD,2009-03-31 18:54:48,2014-04-20 12:19:53
4e0cf914-3a8e-c3c2-4ef8-ee6f5e8fdb47,4b526b0f-cfcc-79ce-b5f8-26bdaa39d721,Charles River Partnership XIV,2009-03-30,,320000000,USD,2009-03-31 18:54:48,2014-04-20 12:19:53
4e0cf914-3a8e-c3c2-4ef8-ee6f5e8fdb47,756dd026-7566-e8a5-ff4d-973a8432287b,Charles River Partnership XV,2012-02-28,,375000000,USD,2012-02-29 04:46:18,2014-04-20 12:20:10
ac53f2c3-4fd6-45c3-3a21-966c4d950f8f,dd063040-dfb9-4653-1c6a-b6f3f6e980c8,DFJ Fund IV,1997-01-01,,97000000,USD,2013-11-20 09:32:41,2014-04-20 12:20:30
ac53f2c3-4fd6-45c3-3a21-966c4d950f8f,e63ebbc0-d0f2-5734-01ab-b42dc2aa5dc9,DFJ Fund IX,2007-01-01,,690000000,USD,2013-11-20 09:03:53,2014-04-20 12:20:29
ac53f2c3-4fd6-45c3-3a21-966c4d950f8f,c319b882-fffe-172d-0344-c4d1849c7cab,DFJ Fund V,1998-01-01,,196000000,USD,2013-11-20 09:28:31,2014-04-20 12:20:30
ac53f2c3-4fd6-45c3-3a21-966c4d950f8f,d9901e84-5a83-f2de-f5d5-1d2fecab55ba,DFJ Fund VI,1999-01-01,,400000000,USD,2013-11-20 09:25:29,2014-04-20 12:20:30
ac53f2c3-4fd6-45c3-3a21-966c4d950f8f,fee6f65e-566a-4e5c-5dd3-efb74969a14d,DFJ Fund VII,2000-01-01,,660000000,USD,2013-11-20 09:21:27,2014-04-20 12:20:29
ac53f2c3-4fd6-45c3-3a21-966c4d950f8f,4c26c27b-cae0-a073-5689-3597efc18cbc,DFJ Fund VIII,2004-01-01,,440000000,USD,2013-11-20 09:07:13,2014-04-20 12:20:29
ac53f2c3-4fd6-45c3-3a21-966c4d950f8f,82841360-a3fe-8680-3573-2d6188891ed7,DFJ Fund X,2010-07-01,,350000000,USD,2009-01-29 05:26:54,2014-04-20 12:19:51
ac53f2c3-4fd6-45c3-3a21-966c4d950f8f,fab3dc45-da25-02fa-5a2f-52dfa2b63005,DFJ Fund XI,2014-02-04,,325000000,USD,2014-02-04 18:55:57,2014-04-20 12:20:27
043d9e52-dcc0-0dd8-6074-206e42e20e13,6ffdf8b5-dcaa-618d-c935-537821cdcdb5,Dorm Room Fund,2013-09-05,,2000000,USD,2013-09-05 17:10:25,2014-04-20 12:19:55
b08efc27-da40-505a-6f9d-c9e14247bf36,e8a15c72-c8dc-9561-ae18-60acd84f71e9,Early-Stage Fund,2014-03-19,,475000000,USD,2014-03-20 06:57:16,2014-04-20 12:20:14
704baa25-5337-ecb0-71f7-f28c18ad3faa,2b983e12-5f65-7eab-dcf6-b0b78884a0ab,Foundation Capital VII,2013-04-10,,282000000,USD,2012-04-10 02:40:46,2014-04-20 12:20:19
a34c63f0-c277-3e4b-bbfc-1868ca81596d,1f91ce11-a68a-999d-bd3c-fde3ce0aa029,Fund Eleven,2010-10-22,,400000000,USD,2010-10-23 02:45:58,2014-04-20 12:19:54
56e40f50-97c7-2a77-255d-1d97d5f30646,ffa9b13c-cd25-9e75-0bce-824751361bb4,Fund I,2011-08-01,,30000000,USD,2011-08-02 06:02:41,2014-04-20 12:20:26
f5315b3c-bb4c-1828-9b81-2f2103cdb761,b7a6c6c4-bb3f-23ca-566d-b99f99d0ad09,Fund II,1999-01-01,,225000000,USD,2013-07-12 20:03:52,2014-11-20 00:37:49
56e40f50-97c7-2a77-255d-1d97d5f30646,03a2e8c5-9598-56ba-cf08-bc23006455b8,Fund II,2013-10-02,,44100000,USD,2013-05-29 23:25:36,2014-04-20 12:19:55
ce91bad7-b6d8-e56e-0f45-4763c6c5ca29,246c4e93-0f09-0dc6-5f2a-08ab2c29ef6c,Fund II,2010-11-03,,650000000,USD,2010-11-03 20:53:36,2014-04-20 12:19:56
f5315b3c-bb4c-1828-9b81-2f2103cdb761,380f6b73-0496-5f39-d2e4-eef7c8e23a08,Fund III,2001-01-01,,196000000,USD,2013-07-12 20:03:52,2014-11-20 00:38:18
ce91bad7-b6d8-e56e-0f45-4763c6c5ca29,645564c8-8453-6689-b826-b8930cbc2c5a,Fund III,2012-01-31,,1500000000,USD,2011-10-28 02:15:39,2014-04-20 12:19:50
f5315b3c-bb4c-1828-9b81-2f2103cdb761,edd5d16c-e11e-8975-6105-81ce4f395273,Fund IV,2006-01-01,,300000000,USD,2013-07-12 20:03:52,2014-11-20 00:38:54
ce91bad7-b6d8-e56e-0f45-4763c6c5ca29,ca1d2741-9d80-8583-d23a-179fb0c583c1,Fund IV,2014-03-27,,1500000000,USD,2014-03-28 02:40:02,2014-04-20 12:20:17
60b5dade-24ed-84b0-99e2-1ecda554a1ab,a824bc11-bfc7-2f30-afa5-460689fe2af3,Fund IV Early Stage Tech,2009-03-02,,350000000,EUR,2009-03-17 20:44:22,2014-04-20 12:19:53
26bcf130-4aa8-a3b3-3571-1b8f13143370,165df47a-e09d-a39f-a9c2-26b7765f52b5,Fund IX,2012-01-09,,600000000,USD,2012-01-10 04:32:14,2014-04-20 12:20:03
f5315b3c-bb4c-1828-9b81-2f2103cdb761,97ea134e-425e-d660-f56b-10fe6ee91f2c,Fund V,2011-08-03,,230000000,USD,2011-08-04 03:57:21,2014-04-20 12:20:27
f5315b3c-bb4c-1828-9b81-2f2103cdb761,fe837b3e-5ec1-83c3-b133-2a29a6610d02,Fund V,2012-01-01,,250000000,USD,2014-02-26 04:22:10,2014-11-20 00:36:24
60b5dade-24ed-84b0-99e2-1ecda554a1ab,9219c27e-2a06-34bd-4a83-617267e1ed0a,Fund VI,2012-06-17,,350000000,EUR,2012-06-18 02:33:52,2014-04-20 12:19:46
3213cd7d-06e0-3ecb-3359-29aa8deddfa6,ca3a5803-4b42-41e7-ed73-b7516f1bae79,Fund XIV,2012-07-12,,365000000,USD,2012-07-13 02:48:14,2014-04-20 12:19:49
0c867fde-2b9a-df10-fdb9-66b74f355f91,b016b637-bf75-f6c1-768e-c059b71dcb2a,Global Growth Fund,2012-12-17,,700000000,USD,2012-12-18 01:46:44,2014-04-20 12:20:10
ce91bad7-b6d8-e56e-0f45-4763c6c5ca29,76e7a2ab-06ff-ef64-a2fc-4bc5741bf530,Growth fund,2011-04-06,,200000000,USD,2011-04-07 03:04:33,2014-04-20 12:20:13
ed24f9ce-2313-cb8c-8ff2-9de6899ea992,86d56772-3e93-3ed0-4ab2-f624e3d28261,Healthcare Growth Fund,2009-03-01,,194000000,USD,2010-07-08 03:57:51,2014-04-20 12:19:46
b51ff078-c9d9-9f51-681d-4f9ac888e070,3534630c-5358-d02a-3571-5629a1ee9636,Highland Capital Partners VIII Limited Partnership,2009-11-12,,400000000,USD,2009-11-12 22:42:49,2014-04-20 12:20:05
b51ff078-c9d9-9f51-681d-4f9ac888e070,b91ad7c7-001b-1d8b-56e4-2d1db4da6a51,Highland's IX fund,2013-10-13,,400000000,USD,2013-07-17 05:22:36,2014-04-20 12:20:17
60b5dade-24ed-84b0-99e2-1ecda554a1ab,550b7b15-78fa-7fec-e0de-ee71940458cf,Index Ventures Growth I,2008-01-22,,400000000,EUR,2009-10-14 09:49:01,2014-04-20 12:20:00
60b5dade-24ed-84b0-99e2-1ecda554a1ab,7180afd0-c40c-d6cb-4ee3-15efcba1abc8,Index Ventures Growth II,2011-11-08,,500000000,EUR,2011-11-09 03:25:06,2014-04-20 12:19:52
60b5dade-24ed-84b0-99e2-1ecda554a1ab,eb7b32ed-52d6-bf52-2035-878a48735a0e,Index Ventures III,2005-02-28,,300000000,EUR,2009-10-20 19:27:06,2014-04-20 12:20:02
60b5dade-24ed-84b0-99e2-1ecda554a1ab,bd17e0b2-720d-b56c-31f3-8b69478d37e3,Index Ventures IV,2011-06-14,,350000000,EUR,2009-10-20 19:24:27,2014-04-20 12:20:01
3213cd7d-06e0-3ecb-3359-29aa8deddfa6,4575f6b5-2b89-0aa0-c9a6-dafb37a3daad,India Fund,2008-12-09,,110000000,USD,2009-04-22 18:04:09,2014-04-20 12:19:54
f3716725-552d-b9b5-59ad-de4ec64b1751,b95307f1-e801-ab21-d815-fdb5009bac07,Intel Capital China Smart Device Innovation Fund,2014-04-02,,100000000,USD,2014-04-03 03:20:58,2014-04-20 12:20:22
f3716725-552d-b9b5-59ad-de4ec64b1751,de33072d-c459-2bd6-6456-39c4a89c5365,Intel Capital Connected Car Fund,2012-02-29,,100000000,USD,2012-03-01 03:25:15,2014-04-20 12:20:11
f3716725-552d-b9b5-59ad-de4ec64b1751,8826e924-7943-3e2b-2890-2c3ad6b4f556,Intel Capital Experiences and Perceptual Computing Fund,2013-06-04,,100000000,USD,2013-06-05 02:55:04,2014-04-20 12:19:56
0c867fde-2b9a-df10-fdb9-66b74f355f91,a27a5c4f-0daf-dd5f-260a-e685bbce8abe,Israel-focused Fund V,2012-08-23,,200000000,USD,2012-08-24 03:13:16,2015-04-20 22:15:46
fe5a4983-a46a-2fc2-5633-e35e0a86b694,a34adecb-2a53-8a7b-c37d-2f7f0dc18606,Khosla Ventures Seed,2010-01-22,,300000000,USD,2010-01-22 23:49:27,2014-09-12 15:55:36
2d0a5bf0-e53e-9a07-2243-9bcd561421ec,d15c6c0b-47e2-40e7-0d68-ed3b92cf3444,KPCB 15,2012-05-17,,525000000,USD,2012-05-18 02:42:06,2014-04-20 12:20:28
b51ff078-c9d9-9f51-681d-4f9ac888e070,365ff39e-1166-ed0d-7a5c-bdb181eb89b6,Leap Fund,2013-06-20,,25000000,USD,2013-06-21 06:45:52,2014-04-20 12:20:02
60b5dade-24ed-84b0-99e2-1ecda554a1ab,b46a4cca-3286-f062-e158-e3388b4665b2,Life Sciences Fund,2012-03-21,,150000000,EUR,2012-03-22 02:31:00,2015-10-30 20:52:47.778755
0e09f1a3-ab17-d2d6-80a4-4425f38e4078,f097c769-d407-dc54-86ff-be38bf39f4ad,Matrix IX,2009-07-24,,600000000,USD,2009-07-24 17:31:11,2014-04-20 12:19:57
0e09f1a3-ab17-d2d6-80a4-4425f38e4078,08240946-9f0d-6eed-9eef-def36944b4b3,Matrix Partners China II,2011-04-29,,350000000,USD,2011-04-30 02:02:21,2014-04-20 12:20:16
0e09f1a3-ab17-d2d6-80a4-4425f38e4078,e5a33dfd-618d-91df-4bbf-1fad0ac3d151,Matrix Partners India II,2011-04-29,,300000000,USD,2011-04-30 02:02:21,2014-04-20 12:20:16
0e09f1a3-ab17-d2d6-80a4-4425f38e4078,2b4e1141-d2f6-19e4-c9cb-8da5cb6ca315,Matrix X,2013-05-09,,450000000,USD,2013-05-10 12:44:44,2014-04-20 12:19:49
3213cd7d-06e0-3ecb-3359-29aa8deddfa6,01c011bf-fbf4-7b22-5eef-a61fe415c530,Mayfield India II,2014-02-18,,108000000,USD,2014-01-17 06:09:17,2014-04-20 12:20:17
3213cd7d-06e0-3ecb-3359-29aa8deddfa6,a95f6fa2-f7b3-ead7-d00f-d30d4380757b,Mayfield XIII,,,400000000,USD,2012-05-02 00:34:29,2014-04-20 12:20:24
a34c63f0-c277-3e4b-bbfc-1868ca81596d,e6e29a84-b7e0-bea6-a094-142b604c1af3,Menlo Talent Fund,2011-09-13,,20000000,USD,2011-09-14 02:23:44,2014-04-20 12:20:32
93c87ab7-7cee-5c54-9941-104693dbbdba,d06b9c75-a21e-4e30-9f9b-c1736d943d8b,Plug & Play Ventures,2009-07-21,,,USD,2013-04-30 16:48:36,2014-04-20 12:19:46
d29973c3-95ec-691d-defd-6a6ba713c72a,b1c87416-0f9b-35c5-73e2-e39d096cded5,Redpoint Omega,2007-03-13,,250000000,USD,2009-02-02 13:06:49,2014-04-20 12:19:51
d29973c3-95ec-691d-defd-6a6ba713c72a,ceec4492-3f19-2b67-044c-f7efd430f247,Redpoint Omega II,2011-11-04,,400000000,USD,2011-11-05 02:49:44,2014-04-20 12:19:51
0c867fde-2b9a-df10-fdb9-66b74f355f91,83587995-13fe-470e-538e-7794cf1ff95b,Sequoia Capital US Venture 2010 Fund,2010-04-12,,,USD,2010-04-13 02:21:11,2014-04-20 12:20:29
0c867fde-2b9a-df10-fdb9-66b74f355f91,a3dd0061-2a2f-feb9-63db-5cb6c059ed40,Sequoia India III,2007-08-17,,300000000,USD,2014-05-12 09:06:05,2014-09-10 23:17:09
0c867fde-2b9a-df10-fdb9-66b74f355f91,cbb6644a-eafb-4686-5505-61f32e1c3638,Sequoia Israel Fourth Fund,2008-12-17,,200750000,USD,2008-12-18 22:04:42,2014-04-20 12:19:45
b08efc27-da40-505a-6f9d-c9e14247bf36,a4c20a11-5805-286e-210b-7666ccfa35dc,Sidecar funds,2011-10-31,,94000000,USD,2011-11-01 04:10:38,2014-04-20 12:19:51
93c87ab7-7cee-5c54-9941-104693dbbdba,11cf2dd9-83f2-4eea-cdc8-2b5569bafe9d,Startup Camp Fund,2009-11-02,,,USD,2013-04-30 16:55:00,2014-04-20 12:19:46
902deab4-ec41-68ce-d9df-c0c959578176,a90b8ad0-668a-b1d2-d5b4-162277a3e6df,SV Angel III,2011-05-05,,40000000,USD,2011-05-05 03:31:47,2014-04-20 12:20:16
902deab4-ec41-68ce-d9df-c0c959578176,5abca21a-98eb-b998-0d44-96c525e0476d,SV Angel IV,2012-08-30,,40000000,USD,2012-08-31 03:19:02,2014-04-20 12:19:58
f3716725-552d-b9b5-59ad-de4ec64b1751,286d3b80-fbbb-81a9-d500-c24fe23bdcd2,Ultrabook Fund,2011-08-10,,300000000,USD,2011-08-11 03:33:28,2014-04-20 12:20:27
ed24f9ce-2313-cb8c-8ff2-9de6899ea992,7e0e8502-3ec9-b4e9-91a8-ec994bb5f62f,Venrock V,2007-04-25,,600000000,USD,2009-01-28 09:33:38,2014-04-20 12:19:51
ed24f9ce-2313-cb8c-8ff2-9de6899ea992,51d1656f-539d-6980-5ffb-60eae9ced4ac,Venrock VI,2010-07-01,,350000000,USD,2012-11-08 00:18:14,2014-04-20 12:20:06
d29973c3-95ec-691d-defd-6a6ba713c72a,93453984-8e77-42eb-5db8-1e0b8a826711,ACE Redpoint Ventures China I,,2016-10-13,180000000,USD,2016-10-14 04:01:13.553711,2016-10-17 03:48:56.940547
e2006571-6b7a-e477-002a-f7014f48a7e3,25100b7f-6441-2d97-6396-f1d6587c2b92,Greylock Fund XV,,2016-10-10,1000000000,USD,2016-10-11 04:16:22.113257,2016-10-11 11:16:18.837376
56e40f50-97c7-2a77-255d-1d97d5f30646,cf09e4ec-6ac1-02b2-845a-43e0e207f568,500 Durians II,,2016-10-04,50000000,USD,2016-10-04 09:00:24.980432,2016-10-04 09:01:38.775445
56e40f50-97c7-2a77-255d-1d97d5f30646,01bc7ff1-da82-9627-d731-ffdf2b30d6ba,500 Durians Fund II,,2016-10-03,50000000,USD,2016-10-04 17:05:07.549927,2016-10-04 17:05:33.262946
56e40f50-97c7-2a77-255d-1d97d5f30646,a5030e1b-d1f4-056a-3594-10742b258ecc,500 Startups IV,2015-09-08,2016-09-08,49642857,USD,2015-09-08 21:30:43,2016-09-09 05:03:32.555453
043d9e52-dcc0-0dd8-6074-206e42e20e13,4953637a-0941-cae8-07b6-510decefaa53,First Round Capital VI,,2016-09-08,175000000,USD,2016-09-09 04:54:17.366216,2016-09-09 05:05:33.035501
56e40f50-97c7-2a77-255d-1d97d5f30646,9ed4348c-377d-6094-ce4d-e34e3b40201a,Japan fund,,2016-09-08,19500000,USD,2016-09-09 04:08:17.691748,2016-09-09 04:09:00.243452
01a2a666-577c-1673-eba6-74c02aaf2e80,d74d059d-4378-4052-ffaa-83b908520bd4,Crowdcube 2016 Fund,,2016-08-18,8000000,GBP,2016-10-05 09:46:52.036957,2016-10-05 09:49:19.266688
56e40f50-97c7-2a77-255d-1d97d5f30646,01bf8851-5285-f301-8f16-44de6c93294e,500 Luchadores II,,2016-07-22,10000000,USD,2016-07-23 03:20:05.654646,2016-07-23 03:20:27.891348
56e40f50-97c7-2a77-255d-1d97d5f30646,5f1ff0c4-66ca-1f88-1bc1-a24ec04fbb2a,500 TukTuks,2015-02-15,2016-07-12,8200000,USD,2015-02-16 07:14:51,2016-07-23 03:22:38.275644
343a0c91-d3b9-80fa-2330-cfde495decf1,534d3316-bfa4-aa93-962e-64dde6e2544c,IDG Capital Fund III,,2016-07-12,1000000000,USD,2016-07-13 03:22:38.140678,2016-07-13 04:22:33.901752
add1bcfe-41e3-7828-253b-d7c8694ed4ca,0fa11c0d-ed3a-6bba-075a-a8e5d9c3c70d,Polaris Partners VIII,,2016-07-12,,USD,2016-07-13 05:55:35.383003,2016-07-14 05:45:32.978028
2d0a5bf0-e53e-9a07-2243-9bcd561421ec,5b784be9-8d36-b2b9-18ab-76618d245bf5,Kleiner Perkins Caufield & Byers XVII,,2016-06-29,400000000,USD,2016-05-24 04:31:40.088026,2016-09-19 17:35:45.36945
2d0a5bf0-e53e-9a07-2243-9bcd561421ec,f54912a1-aa64-08e3-3c18-15c68f4c9ba0,KPCB Digital Growth Fund III,,2016-06-29,1000000000,USD,2016-05-24 04:28:21.938948,2016-07-19 06:15:00.739587
56e40f50-97c7-2a77-255d-1d97d5f30646,42107e2b-a76b-e582-011a-cc5c1dd851b7,microfund,,2016-06-23,25000000,USD,2016-06-24 04:19:21.611328,2016-06-24 04:20:08.624345
d5df3873-7871-c608-0284-c74d0b555ccd,d1ce0c1d-0c28-4396-3859-79964a32cc46,Fund III,,2016-06-15,240000000,USD,2016-06-16 04:01:47.033583,2016-06-16 04:02:22.894279
d5df3873-7871-c608-0284-c74d0b555ccd,7269cd94-af30-295b-4d78-e223d0197ab0,Lightspeed China Partners III,,2016-06-14,,USD,2016-06-15 06:07:27.69002,2016-06-15 06:08:02.546613
ce91bad7-b6d8-e56e-0f45-4763c6c5ca29,5463f715-3cd3-84b4-7908-e464d7c567ca,Fund V,,2016-06-10,1500000000,USD,2016-06-11 02:33:12.922737,2016-09-19 17:39:24.200183
2ca323e0-fbcc-f738-a7a1-86b6322788bd,cdcb0674-b08c-5bed-b1d8-8cbede435de4,High-Tech Gr√ºnderfonds III,,2016-06-09,300000000,EUR,2016-06-10 04:44:00.321184,2016-06-10 04:44:31.497683
3213cd7d-06e0-3ecb-3359-29aa8deddfa6,45155921-fffe-fedd-b676-ef148bfb3104,Fund XIV,,2016-04-29,400000000,USD,2016-04-30 03:42:01.573033,2016-04-30 03:43:10.196102
3213cd7d-06e0-3ecb-3359-29aa8deddfa6,3df75c40-851c-dca4-6771-c0b45ef80743,Select Fund,,2016-04-29,125000000,USD,2016-04-30 03:46:59.18813,2016-04-30 03:47:32.600085
a34c63f0-c277-3e4b-bbfc-1868ca81596d,103fd4c8-4c62-d3f0-0a04-5d410fe23abe,Menlo Special Opportunities Fund,,2016-04-26,250000000,USD,2016-04-28 03:34:30.247065,2016-04-28 03:35:40.783609
b08efc27-da40-505a-6f9d-c9e14247bf36,c6035505-f06c-57d7-10df-95a782ab93d6,Accel London V,,2016-04-11,500000000,USD,2016-04-12 03:26:16.66801,2016-04-12 03:26:44.955443
56e40f50-97c7-2a77-255d-1d97d5f30646,6932b7e1-8ddf-cabb-d202-fc8300be574a,WinterFund,,2016-04-01,500000000,USD,2016-04-02 03:33:05.913841,2016-04-02 03:33:46.882309
56e40f50-97c7-2a77-255d-1d97d5f30646,6db4b504-cdb7-837b-c978-0f6a3016ffc5,500CAN,,2016-03-31,30000000,USD,2016-03-31 18:34:45.047019,2016-03-31 18:35:07.983834
30b3efdf-6024-804d-ea55-c4d1a8dfc86c,cd259e43-5587-5824-a320-6d856f50d91e,Infrastructure Fund I,,2016-03-29,1500000000,USD,2016-03-30 06:24:06.247576,2016-03-30 06:24:29.548303
902deab4-ec41-68ce-d9df-c0c959578176,a2b994c5-72ce-94eb-c144-540af863f10f,SV Angel VI,,2016-03-18,46000000,USD,2016-03-18 18:33:37.208901,2016-09-19 17:36:37.914719
b08efc27-da40-505a-6f9d-c9e14247bf36,c0d5ce38-e173-7d4f-4155-4a4cd5f6f406,Accel Growth Fund IV,,2016-03-15,1500000000,USD,2016-03-15 20:01:56.592518,2016-03-15 20:03:10.220994
b08efc27-da40-505a-6f9d-c9e14247bf36,ef59ae71-a636-c00b-8526-bf3196437662,Early Stage Fund XIII,,2016-03-15,500000000,USD,2016-03-15 20:01:22.761225,2016-03-15 20:03:42.904373
d5df3873-7871-c608-0284-c74d0b555ccd,1ac8db7c-b70d-b1fe-3ab9-323971fd20fb,Lightspeed Venture Partners Fund XI,,2016-03-09,715000000,USD,2016-03-09 06:49:14.108027,2016-03-10 03:05:01.744253
d5df3873-7871-c608-0284-c74d0b555ccd,b3f34be6-1856-e12a-ecce-1110a2e19e68,Lightspeed Venture Partners Select II,,2016-03-09,500000000,USD,2016-03-09 06:50:07.624328,2016-03-10 03:03:47.955997
56e40f50-97c7-2a77-255d-1d97d5f30646,c4b4c8de-3d8b-8b22-1bc8-2a8d467ad553,500 Startups Vietnam,,2016-03-07,10000000,USD,2016-03-08 09:06:57.668547,2016-03-08 12:51:06.58058
0c867fde-2b9a-df10-fdb9-66b74f355f91,18128867-bd5a-528b-5b10-83f0d2724b87,Sequoia Capital China Venture Fund VI,,2016-03-01,,USD,2016-03-02 04:03:32.53073,2016-03-02 04:04:04.535872
56e40f50-97c7-2a77-255d-1d97d5f30646,a7873376-4e78-fe25-5e5c-b55b1688e9f8,500 FinTech,,2016-02-24,25000000,USD,2016-02-24 03:42:43.886712,2016-02-24 23:37:44.04777
56e40f50-97c7-2a77-255d-1d97d5f30646,1b71f48a-a40b-d75b-f3f4-aee821c04c42,500 Kulfi,,2016-02-24,25000000,USD,2016-02-24 03:34:16.563334,2016-02-24 23:37:56.585236
7a42b564-4bb6-5864-6cdb-a0100008f3b3,2f7149fc-7a0e-ebaa-582c-230e8a0c93f4,Battery Ventures XI,,2016-02-23,650000000,USD,2016-02-23 18:59:42.791376,2016-02-24 02:54:59.017717
7a42b564-4bb6-5864-6cdb-a0100008f3b3,e7313608-6ea6-c121-94a7-f05ea3141a15,Battery Ventures XI Side Fund,,2016-02-23,300000000,USD,2016-02-23 19:00:08.175049,2016-02-24 02:56:30.130805
ac53f2c3-4fd6-45c3-3a21-966c4d950f8f,5257630d-44cd-b9b9-2774-e64404100de1,DFJ Fund XII,,2016-02-09,350000000,USD,2016-02-09 19:35:45.482631,2016-02-09 19:36:13.84654
34a9bb66-0984-8de0-e7fb-13e976b4a135,e4e2e5be-7808-2dd4-f543-ab8a26bae3db,General Catalyst Group VIII,,2016-02-04,675000000,USD,2016-02-04 16:50:50.641454,2016-02-04 19:45:00.155248
34a9bb66-0984-8de0-e7fb-13e976b4a135,62c174a8-e788-056c-a1d8-9e7c82d87252,General Catalyst Group VIII Supplemental,,2016-02-04,170000000,USD,2016-02-04 16:52:04.896193,2016-02-04 19:45:26.597151
60b5dade-24ed-84b0-99e2-1ecda554a1ab,3a8e287a-afa1-7363-a358-070c521576dc,Index Ventures VIII,,2016-02-03,550000000,USD,2016-02-03 20:49:00.36658,2016-02-03 20:49:59.229991
0c867fde-2b9a-df10-fdb9-66b74f355f91,d3ec862b-d0ac-538f-577d-508bd710f21f,FUND V,,2016-02-01,920000000,USD,2016-02-02 06:15:04.100086,2016-02-02 06:15:34.293026
4ab1b039-d9ce-f96a-06e7-f737e37eee08,83169e79-8e73-2866-c675-aeef305552a6,Norwest Venture Partners XIII,,2016-01-20,1200000000,USD,2016-02-02 07:40:36.512928,2016-09-08 06:43:15.992567
3ee29c77-685f-38d4-09dd-f31be5bcd8c1,ef84b3f2-5bea-10c4-3392-e582698c425a,"Loans & International Project Funding Bank Instruments such as BG,MTN SBLC, DLC, Letters of Credit",2016-02-03,2016-01-04,56000,USD,2016-09-20 21:38:46.241686,2016-09-20 21:38:46.240969
d5df3873-7871-c608-0284-c74d0b555ccd,f5d02643-e2f6-3c40-4544-e5a952d55197,"Lightspeed Venture Partners IX, L.P.",2012-01-12,2015-12-29,675000000,USD,2014-03-20 04:54:54,2016-03-09 06:47:43.533333
a2b35e8b-e3e9-883b-8a07-38e6ef57d726,cf730ef6-3000-8c8b-93ce-c6a2129d7ec3,U.S. Venture Partners XI,2014-09-19,2015-12-15,300000000,USD,2014-09-22 09:15:10,2015-12-16 04:20:48.652007
704baa25-5337-ecb0-71f7-f28c18ad3faa,385018c3-d2b7-0a1f-edcb-22185327f3b7,"Foundation Capital VIII, L.P.",,2015-12-11,325000000,USD,2015-06-17 05:04:05,2015-12-15 03:06:34.371281
56e40f50-97c7-2a77-255d-1d97d5f30646,ae3c248b-7798-7255-697a-70e30d37f3b2,500 Falcons,,2015-12-04,30000000,USD,2015-12-04 03:37:51.809052,2015-12-05 03:12:54.049068
ce91bad7-b6d8-e56e-0f45-4763c6c5ca29,a29e9744-8af7-57cb-853c-e391ba738cbb,AH Bio Fund,,2015-11-18,200000000,USD,2015-11-19 03:11:13.267316,2015-11-19 03:11:42.875585
0c867fde-2b9a-df10-fdb9-66b74f355f91,76e88f03-1305-71a2-0c21-688e60616f18,Sequoia China Healthcare Technology Venture Investment Fund,,2015-11-16,60000000,USD,2015-11-27 06:40:29.353981,2015-11-27 06:43:13.937656
56e40f50-97c7-2a77-255d-1d97d5f30646,f93967f0-0bf2-7726-82be-50a630205dbe,500 Nordics,,2015-11-10,,USD,2015-11-10 23:57:00.164906,2015-11-11 03:04:13.149934
56e40f50-97c7-2a77-255d-1d97d5f30646,b75f58f8-900b-9596-b348-2f511d392d00,500 Durians,2015-07-03,2015-11-05,22171717,USD,2014-12-12 00:04:15,2015-11-05 10:55:53.035192
60b5dade-24ed-84b0-99e2-1ecda554a1ab,c0ccb8cc-74d9-608c-45a6-1608ae8b4095,Index Ventures Life VII (Jersey) LP,,2015-10-21,116898500,USD,2015-10-23 06:02:00.302064,2015-10-23 06:03:03.371334
73633ee4-ea65-2967-6c5d-9b5fec7d2d5e,2ae69b8a-01d0-8f5b-cb01-3c49516cb152,Y COMBINATOR CONTINUITY FUND I,,2015-10-15,700000000,USD,2015-06-17 04:25:13,2015-10-16 03:33:03.261399
56e40f50-97c7-2a77-255d-1d97d5f30646,78be382b-ff43-5357-79f3-d7e04c6e96a8,500 Istanbul,,2015-10-05,15000000,USD,2015-10-05 23:56:33.833345,2015-10-05 23:57:33.724056
56e40f50-97c7-2a77-255d-1d97d5f30646,a6ce8cb5-121f-ba71-fdb9-8de1185c210d,Fund III,2013-01-01,2015-09-09,85000000,USD,2014-12-11 23:49:24,2015-09-15 09:30:13
d5df3873-7871-c608-0284-c74d0b555ccd,04ea4cb9-e2f7-1964-35bb-5d289529e061,Maiden India fund,,2015-08-13,135000000,USD,2015-08-13 06:44:44,2015-08-13 06:45:25
ce91bad7-b6d8-e56e-0f45-4763c6c5ca29,efe523b2-42fe-fd6e-7f06-bffeb0d3aa63,a16z Bio Fund,,2015-07-25,,USD,2016-10-21 14:37:26.671211,2016-10-21 14:37:26.670346
2d0a5bf0-e53e-9a07-2243-9bcd561421ec,6029ff2e-7088-2834-c012-9e5e613055d9,KPCB Edge Fund,,2015-06-16,4000000,USD,2015-06-16 11:57:18,2016-07-16 08:41:51.348266
f3716725-552d-b9b5-59ad-de4ec64b1751,f7b8cb9e-9ac6-68df-daf1-fc0483cc25cf,Intel Capital Diversity Fund,,2015-06-09,125000000,USD,2015-06-10 04:53:55,2015-06-10 04:55:33
d29973c3-95ec-691d-defd-6a6ba713c72a,f0cdb59d-1f8c-0b13-92dd-b53889dd6300,Redpoint Ventures VI,,2015-05-13,400000000,USD,2015-05-14 03:44:42,2015-09-03 17:59:00
6f2acf2a-5cbf-adb1-cbb4-5829ab0b08cd,837bb133-314f-124d-015a-9f9a78397185,Atlas Venture Fund X,,2015-04-17,280000000,USD,2015-04-17 11:37:56,2015-04-17 11:43:08
a34c63f0-c277-3e4b-bbfc-1868ca81596d,103091cc-cda8-5cf2-06cb-34d7d0f83822,Menlo Ventures XII,,2015-04-15,400000000,USD,2015-04-15 11:52:52,2015-09-29 06:42:24
47b84763-9727-7cdf-b194-2742e3963147,0321339a-2306-f016-5fdc-cb08b95cd407,NEA 15 Fund,,2015-04-15,2800000000,USD,2015-01-14 06:11:40,2016-07-08 23:56:10.16524
47b84763-9727-7cdf-b194-2742e3963147,36e89adb-8645-4639-c8a2-bd38acab9643,The opportunity fund,,2015-04-15,350000000,USD,2015-04-15 07:23:20,2015-04-15 07:24:17
56e40f50-97c7-2a77-255d-1d97d5f30646,25cf8ea1-224d-a34e-b704-32d5729c465a,DistroFund,,2015-04-13,10000000,USD,2015-04-15 06:25:41,2015-04-15 06:26:28
0c867fde-2b9a-df10-fdb9-66b74f355f91,7a5ec841-f5d8-a95d-93a6-129c39932749,India-focused fund IV,,2015-04-09,740000000,USD,2014-05-30 02:40:13,2015-04-09 08:55:40
60b5dade-24ed-84b0-99e2-1ecda554a1ab,2c3f3cf7-3a63-bf6d-886b-e2ad05393712,"Index Ventures Growth III (Jersey), L.P",,2015-04-01,706160000,USD,2015-04-02 04:37:09,2015-04-02 04:37:47
b08efc27-da40-505a-6f9d-c9e14247bf36,8500299b-0d2f-dddd-022d-30a67fb73ef4,Accel India IV,,2015-03-24,305000000,USD,2015-03-24 13:01:03,2015-03-25 07:34:06
56e40f50-97c7-2a77-255d-1d97d5f30646,b22143f7-adf5-5e12-68f6-542fa175902a,500 Kimchi,,2015-02-26,15000000,USD,2015-02-26 12:33:49,2015-02-26 12:35:27
beadb218-e5fa-2686-bc95-4dfaa9acc2e8,a30c16e3-0ad8-bfbe-d06e-6de18dce5b27,BVP IX,,2015-02-18,1600000000,USD,2015-02-19 03:43:26,2015-02-19 03:44:16
e26b98e6-3997-577d-eb5b-a195e31d03e3,7b0c5ed9-3973-90d4-8348-a73f6e4e0738,Start-Up Chile SCALE,,2015-01-19,63000000,USD,2015-01-20 14:21:24,2015-01-20 14:24:01
c06fab5e-2646-a238-a280-1ce83e63f507,65a26670-baf7-2a72-977d-3bf1554dd9bd,Angel Capital Entrepreneur Fund II,,2015-01-01,,USD,2015-09-03 04:38:50,2015-09-03 04:39:31
3bfb69a8-61b6-ec30-1512-73bd1ca35bc5,1050bbc4-39f0-a0b2-04ba-3c6054b57e3b,Fund II,,2015-01-01,,USD,2016-02-26 22:51:28.304973,2016-02-26 22:51:28.304036
fe5a4983-a46a-2fc2-5633-e35e0a86b694,92426f56-7291-0053-ea4d-e021a531afea,Khosla Ventures Seed C LP,,2014-12-18,400000000,USD,2014-12-18 13:54:57,2015-09-29 06:22:56
add1bcfe-41e3-7828-253b-d7c8694ed4ca,85db50e9-a3a5-871c-2117-118896203f13,Polaris Partners VII,,2014-11-24,466000000,USD,2014-08-12 03:08:31,2016-09-19 13:35:17.782955
56e40f50-97c7-2a77-255d-1d97d5f30646,57ffa9ae-a124-c2bc-63ec-d2243870c094,500 Startups Mobile Collective,,2014-11-18,10000000,USD,2014-11-19 03:14:41,2014-11-19 03:15:13
26bcf130-4aa8-a3b3-3571-1b8f13143370,f3fce51e-2a12-6446-37bf-e248ec74c50a,Fund X,,2014-10-16,675000000,USD,2014-07-31 12:18:02,2014-10-17 02:33:37
34a9bb66-0984-8de0-e7fb-13e976b4a135,c4ce1364-c033-7cb4-52cd-82618e434d7b,GC Stripe Platform Fund,,2014-09-30,10000000,USD,2014-10-01 02:41:00,2014-10-01 02:41:44
2d0a5bf0-e53e-9a07-2243-9bcd561421ec,caefa25d-b2dc-91ec-b5e7-c04b5ad31a06,KPCB Digital Growth Fund II LLC,,2014-09-16,,USD,2016-07-16 08:48:55.15398,2016-07-16 08:49:31.975597
0c867fde-2b9a-df10-fdb9-66b74f355f91,6a439878-2031-90de-1183-1672fa0c54c0,Sequoia Capital China Venture Fund V LP,,2014-09-02,,USD,2014-09-02 09:43:46,2014-09-12 15:56:08
ed24f9ce-2313-cb8c-8ff2-9de6899ea992,4ad3d921-3baa-17a8-e2a1-fd16e85568ce,Venrock Fund VII,,2014-07-31,450000000,USD,2014-06-23 04:24:17,2014-09-12 16:03:06
2d0a5bf0-e53e-9a07-2243-9bcd561421ec,1083cc3f-78bf-8dd6-e457-2f2b1a8badda,KPCB XVI LLC,,2014-07-17,,USD,2016-07-16 08:58:25.767113,2016-07-16 08:59:22.945818
902deab4-ec41-68ce-d9df-c0c959578176,0edb9e2d-b187-441c-246f-b3b188480d00,"SV Angel V, L.P.",,2014-07-14,,USD,2014-07-14 12:56:44,2014-09-12 16:03:17
3c62db15-4db8-016a-145e-dd1a06d168e2,6c526edd-1a9f-6c46-b2d5-789c6bf91695,European Fund,,2014-07-09,100000000,USD,2014-07-10 20:03:53,2014-09-10 23:17:18
4e0cf914-3a8e-c3c2-4ef8-ee6f5e8fdb47,c0c25f3f-35f8-d898-c22a-90cc083bf923,Charles River Partnership XVI,,2014-07-07,393000000,USD,2014-07-03 03:18:04,2014-09-12 15:56:16
043d9e52-dcc0-0dd8-6074-206e42e20e13,7bcfb37f-ab3c-2f9a-9bca-6fb44b5ce09a,First Round Capital V LP,,2014-06-26,175000000,USD,2014-06-26 17:46:19,2015-09-29 06:07:13
fe5a4983-a46a-2fc2-5633-e35e0a86b694,d3cdf47c-849a-dc59-77a0-b57a19d031fc,"Khosla Ventures V, L.P.",,2014-06-25,,USD,2014-06-25 05:03:10,2015-09-29 06:24:25
60b5dade-24ed-84b0-99e2-1ecda554a1ab,5807c4ef-a810-6559-39cf-da6f6d48f5a6,Index Ventures VII,,2014-06-10,550000000,USD,2014-06-11 20:29:33,2015-10-12 05:08:04.02684
343a0c91-d3b9-80fa-2330-cfde495decf1,04ce7a0d-0599-547e-736c-8d76f2855be3,IDG China Venture Capital Fund IV,,2014-06-03,586000000,USD,2014-06-04 02:55:14,2014-09-10 22:56:56
b51ff078-c9d9-9f51-681d-4f9ac888e070,124695b2-d423-91f6-eeb7-a4a4e4223141,Europe Tech Growth fund,,2014-05-21,250000000,EUR,2014-05-21 14:28:06,2014-09-10 23:16:52
b51ff078-c9d9-9f51-681d-4f9ac888e070,2b6e25e1-84da-ceac-a877-d5f959d07779,Tech Growth Fund,,2014-05-21,250000000,EUR,2014-05-21 17:45:16,2014-09-10 23:16:49
4ab1b039-d9ce-f96a-06e7-f737e37eee08,e50b7c60-3c21-8d55-db3b-8983ee4bb15c,Norwest Venture Partners XII,,2014-05-13,1200000000,USD,2016-02-02 07:38:40.532619,2016-02-02 07:39:44.09064
f5315b3c-bb4c-1828-9b81-2f2103cdb761,39eb8b2d-7d68-5363-7320-12cf381df2d0,Fund VI,,2014-04-28,280000000,USD,2014-04-29 05:35:27,2014-11-20 00:37:09
d5df3873-7871-c608-0284-c74d0b555ccd,98f16288-fbfc-aac3-0de8-496b119082c9,"Lightspeed Venture Partners Select, LP",,2014-03-24,,USD,2015-09-29 06:40:21,2015-09-29 06:40:45
d5df3873-7871-c608-0284-c74d0b555ccd,ae62e677-4b1b-f924-a326-b6a3b57072aa,"Lightspeed Venture Partners X, L.P.",2014-03-09,2014-03-01,650000000,USD,2014-03-20 04:56:25,2016-07-11 17:44:31.516198
01a2a666-577c-1673-eba6-74c02aaf2e80,dfdbdae4-04f4-0f73-6bdd-37d89d8d4648,Crowdcube Venture Fund,2014-01-27,2014-01-27,5000000,GBP,2014-01-29 04:47:56,2016-10-05 09:38:37.822418
56e40f50-97c7-2a77-255d-1d97d5f30646,785b5d04-e07c-dfbe-4b17-4068f6e61fcd,500 Luchadores,,2014-01-01,,USD,2016-08-03 08:27:18.634273,2016-08-03 08:27:18.633524
c06fab5e-2646-a238-a280-1ce83e63f507,fa646baa-ab80-bfc3-2598-7ad5ac8fed12,Angel Capital Entrepreneur Fund,,2014-01-01,,USD,2015-09-03 05:14:23,2015-09-03 05:14:45
34a9bb66-0984-8de0-e7fb-13e976b4a135,924f367f-ff9d-7e7e-23ae-d4ba4772cc43,General Catalyst Group VII,2013-12-10,2013-12-23,675000000,USD,2013-12-24 03:54:05,2016-02-04 14:29:14.630079
e2006571-6b7a-e477-002a-f7014f48a7e3,05e4586c-15d8-43a5-24de-4e5d52401b57,Greylock Fund XIV,2013-09-10,2013-09-10,1000000000,USD,2009-11-02 19:31:56,2016-10-11 04:17:46.653894
6f2acf2a-5cbf-adb1-cbb4-5829ab0b08cd,bbff920d-f034-1c48-3d1c-13639b93a069,Atlas Venture Fund IX,2013-05-01,2013-05-01,265000000,USD,2014-05-05 14:43:45,2016-05-06 04:53:32.213526
d29973c3-95ec-691d-defd-6a6ba713c72a,6afe42eb-f812-1e83-20fd-c39d2561e54d,Redpoint Ventures V,2013-01-16,2013-01-16,400000000,USD,2013-01-17 02:37:25,2016-06-13 22:00:17.697692
3718597a-dd39-6661-3630-09cdd43bcac2,c9c26fc0-0497-d7e3-f701-cbbf2ef2dc5d,Techstars Seattle 2013 Fund,,2013-01-15,,USD,2016-02-29 20:58:04.811204,2016-02-29 20:58:04.810517
043d9e52-dcc0-0dd8-6074-206e42e20e13,22520f2d-8c41-2b4c-3581-203091c9c6be,First Round Capital IV,2012-04-16,2012-06-27,135000000,USD,2012-04-17 02:24:52,2016-01-28 09:11:54.567966
b08efc27-da40-505a-6f9d-c9e14247bf36,3b0518c5-2ae0-ef80-2d00-1c8c1c12ab0a,Accel Europe Fund,,2012-06-12,500000000,USD,2015-08-09 05:01:06,2015-08-09 05:06:40
2d0a5bf0-e53e-9a07-2243-9bcd561421ec,532000cb-bd8f-a026-fccd-94bcaae3d0b0,KPCB XV LLC,,2012-05-23,,USD,2016-07-16 08:51:17.123659,2016-07-16 08:52:04.083049
60b5dade-24ed-84b0-99e2-1ecda554a1ab,d54b3418-61ed-aaed-6cbe-9b55d8bff1a7,Index Life VI,2012-03-21,2012-03-21,150000000,EUR,2015-10-10 11:49:03.344181,2015-10-10 11:49:38.252274
3bfb69a8-61b6-ec30-1512-73bd1ca35bc5,3a925a63-1256-4575-0b05-e2b90d84a7ad,Fund I,,2012-01-01,,USD,2016-02-26 22:50:57.252629,2016-02-26 22:50:57.25199
b51ff078-c9d9-9f51-681d-4f9ac888e070,9642b7b2-efff-71c0-fcc4-2381f8aedbac,Highland Europe Fund I,,2012-01-01,200000000,EUR,2014-05-31 11:52:38,2014-09-10 23:17:28
47b84763-9727-7cdf-b194-2742e3963147,f244520b-5c29-110b-009c-efaa1d16ec3d,NEA 14,2012-07-25,2012-01-01,2600000000,USD,2012-07-25 13:13:48,2014-07-09 19:29:25
34a9bb66-0984-8de0-e7fb-13e976b4a135,346a162c-2d73-b72e-afd5-4792173bf732,General Catalyst Group VI,2011-12-15,2011-12-28,500000000,USD,2012-01-04 04:09:45,2016-02-04 14:28:12.918718
2d0a5bf0-e53e-9a07-2243-9bcd561421ec,0a12d047-0cde-9aac-ff33-3f706a4e5c2e,KPCB China Fund II,2011-11-03,2011-11-03,250000000,USD,2011-11-04 02:06:33,2016-07-16 09:34:44.997606
b08efc27-da40-505a-6f9d-c9e14247bf36,974e60c1-af86-040f-21eb-476234763c96,Big Data Fund 2,2013-06-17,2011-11-01,100000000,USD,2013-06-18 04:55:54,2016-09-08 08:59:27.683358
fe5a4983-a46a-2fc2-5633-e35e0a86b694,d5db65e6-5d79-9363-928d-a465f11573c2,Khosla Ventures IV,2011-10-13,2011-10-13,1050000000,USD,2011-05-21 04:01:52,2016-07-11 17:56:34.100908
add1bcfe-41e3-7828-253b-d7c8694ed4ca,054d9993-27ad-7cb0-8957-a266cee20f90,Polaris Venture Partners VI,2011-05-01,2011-05-01,389000000,USD,2014-02-13 17:29:11,2016-09-06 15:20:50.367208
2d0a5bf0-e53e-9a07-2243-9bcd561421ec,0de0371c-3de0-d05e-1fe7-e25c89a3aae4,KPCB Digital Growth Fund LLC,,2011-04-13,,USD,2016-07-16 09:16:06.601794,2016-07-16 09:16:49.77341
343a0c91-d3b9-80fa-2330-cfde495decf1,187e0e37-5106-d4c2-ab6b-99fb3aa9678d,China Capital Fund II,,2011-04-01,750000000,USD,2016-06-22 18:32:19.246605,2016-06-22 18:32:50.239536
343a0c91-d3b9-80fa-2330-cfde495decf1,14572273-68d7-a6b3-a192-1135e8ab9aff,IDG-Accel China Growth Fund III,,2011-04-01,550000000,USD,2016-06-22 18:31:55.20181,2016-06-22 18:32:32.756958
2ca323e0-fbcc-f738-a7a1-86b6322788bd,a43cb753-2346-2abb-7f55-a3daaa81a40b,High-Tech Gruenderfonds II,,2011-01-01,304000000,EUR,2014-05-31 11:49:49,2014-11-18 12:59:06
2d0a5bf0-e53e-9a07-2243-9bcd561421ec,0662c2bb-0790-225a-f5d3-d6a50b7de0e8,KPCB XIV LLC,,2010-12-15,,USD,2016-07-16 09:21:51.565537,2016-07-16 09:22:28.812367
043d9e52-dcc0-0dd8-6074-206e42e20e13,09848b1e-a890-7611-1901-1a9d734ef0cf,First Round Capital III LP,2010-10-15,2010-10-04,126000000,USD,2010-10-19 10:14:23,2016-01-28 08:35:46.051423
d29973c3-95ec-691d-defd-6a6ba713c72a,635198f5-ed7b-78c0-4d0c-8af756f4e46b,Redpoint Ventures IV,2010-02-16,2010-02-16,400100000,USD,2010-02-10 04:21:14,2016-06-13 22:01:31.99379
ec66c602-011e-63bb-cd78-3a79a59cebfd,1c1c2d66-a9e4-37c6-0952-0b35408b741e,Accelerator Fund,,2010-01-22,34000000,GBP,2016-09-22 23:31:37.506826,2016-09-22 23:31:37.494554
ec66c602-011e-63bb-cd78-3a79a59cebfd,65271530-c37d-0147-03eb-409a07250895,Proof of Concept,,2010-01-22,20700000,GBP,2016-09-22 23:32:20.300512,2016-09-22 23:32:30.266714
4ab1b039-d9ce-f96a-06e7-f737e37eee08,6fc99a93-1ee5-3466-595a-0a2740f3735d,Norwest Venture Partners XI,2009-01-01,2010-01-13,1200000000,USD,2016-02-02 07:36:38.43051,2016-07-08 23:52:04.346287
47b84763-9727-7cdf-b194-2742e3963147,f7a6be80-79db-0483-007c-791311d07939,NEA 13th Fund,2010-01-06,2010-01-06,1000000000,USD,2010-01-07 11:33:54,2016-09-08 11:27:36.874438
0c867fde-2b9a-df10-fdb9-66b74f355f91,91b3de11-5ce2-0d3e-4684-9cd79587eb2d,China Fund,2009-12-22,2009-12-22,1000000000,USD,2009-12-23 07:08:36,2016-07-08 23:06:45.809455
e2006571-6b7a-e477-002a-f7014f48a7e3,39993796-6166-175a-ce17-7332b9453c98,Greylock Fund XIII,2011-01-01,2009-11-02,575000000,USD,2011-03-08 04:03:54,2016-09-08 10:10:45.801964
fe5a4983-a46a-2fc2-5633-e35e0a86b694,daa130c9-9580-cfa2-8697-4b2c1c0560e6,Khosla Ventures III,2009-09-01,2009-09-01,1000000000,USD,2010-01-22 00:21:51,2016-09-08 06:14:53.006176
ce91bad7-b6d8-e56e-0f45-4763c6c5ca29,56e136ba-c171-75b4-ddee-c0a7f6a12309,Fund I,2009-07-05,2009-07-05,300000000,USD,2012-05-24 02:43:19,2016-09-08 07:31:22.8581
60b5dade-24ed-84b0-99e2-1ecda554a1ab,39243b0a-5f2f-88b0-30b7-ef545368a55c,Index Ventures V,,2009-03-02,350000000,EUR,2014-06-02 08:45:58,2014-09-10 22:57:09
6f2acf2a-5cbf-adb1-cbb4-5829ab0b08cd,e010d48e-99f6-f7f3-e157-3e3f95f1dde1,Atlas Venture Fund VIII,2009-01-29,2009-01-29,283000000,USD,2014-05-05 14:43:40,2016-05-06 04:55:04.169927
b08efc27-da40-505a-6f9d-c9e14247bf36,607b6691-b55c-e1cc-c1b3-f378653b8d74,Accel Growth Fund,,2008-12-11,480000000,USD,2014-05-31 08:04:54,2014-09-12 16:05:09
b08efc27-da40-505a-6f9d-c9e14247bf36,00a95ebb-7a5a-737d-5387-fef921a8dccf,Accel London III,,2008-12-11,525000000,USD,2014-05-31 08:06:35,2014-09-12 16:05:10
ed24f9ce-2313-cb8c-8ff2-9de6899ea992,91689241-2035-2f96-3ab6-d7706213f61a,Venrock Healthcare Capital LP,,2008-11-04,,USD,2015-09-29 05:56:57,2015-09-29 05:57:22
a2b35e8b-e3e9-883b-8a07-38e6ef57d726,e803081d-0974-eda7-ab5f-c0f1a0a432fe,U.S. Venture Partners X,2008-07-28,2008-07-07,625000000,USD,2009-01-01 18:13:44,2015-07-13 15:56:48
2d0a5bf0-e53e-9a07-2243-9bcd561421ec,b9450517-3eb6-5dce-3046-53587ef1910f,KPCB Green Growth Fund LLC,,2008-05-29,,USD,2016-07-16 08:46:22.35537,2016-07-16 08:46:49.474826
2d0a5bf0-e53e-9a07-2243-9bcd561421ec,93b231e2-7117-3806-afe6-b67c5d904138,KPCB XIII LLC,,2008-05-29,,USD,2016-07-16 08:55:56.884097,2016-07-16 08:56:29.515586
d5df3873-7871-c608-0284-c74d0b555ccd,d2cc526c-08da-8a2f-b0dc-d6d2e0b4a956,"Lightspeed Venture Partners VIII, LP",,2008-05-12,800000000,USD,2015-09-26 11:52:22,2015-09-29 10:12:57
2d0a5bf0-e53e-9a07-2243-9bcd561421ec,391ba272-b127-47a7-f076-a2f335cd482d,iFund,,2008-03-06,100000000,USD,2014-06-05 15:28:01,2016-06-22 21:24:30.060972
b08efc27-da40-505a-6f9d-c9e14247bf36,76e30500-39e4-67ba-e6c4-90259ded4be6,"Accel X Strategic Partners, LP",,2008-03-05,,USD,2015-09-26 13:11:18,2015-09-26 13:11:46
043d9e52-dcc0-0dd8-6074-206e42e20e13,6528bf37-4ebd-a14d-8123-be674107ad51,First Round II,,2008-02-08,125000000,USD,2014-06-26 19:00:55,2015-07-13 15:41:52
34a9bb66-0984-8de0-e7fb-13e976b4a135,20288f06-01f0-1164-6f92-edb7739a1314,General Catalyst Group V LP,2007-09-01,2007-12-19,500000000,USD,2015-09-02 14:28:39,2016-02-04 16:37:20.430888
34a9bb66-0984-8de0-e7fb-13e976b4a135,fb74f2d0-719d-08fa-c6c3-11e43361bf5d,General Catalyst Group V Supplemental,2007-09-01,2007-09-01,220000000,USD,2015-09-02 14:29:25,2015-09-02 14:29:25
2d0a5bf0-e53e-9a07-2243-9bcd561421ec,2e5ed82e-251f-6dee-20a5-ba6288ef775a,KPCB China Fund LP,,2007-05-29,,USD,2016-07-16 09:24:50.862284,2016-07-16 09:25:22.270208
26bcf130-4aa8-a3b3-3571-1b8f13143370,7c657af5-d22f-ce72-7b4e-6caa4aa13f90,Fund VIII,2007-01-01,2007-01-01,650000000,USD,2014-10-20 20:49:37,2014-11-14 19:50:30
47b84763-9727-7cdf-b194-2742e3963147,89f0ed2f-d67c-49d0-f843-406d72594c1e,NEA - IndoUS Ventures LLC,,2006-12-08,,USD,2016-01-28 08:07:25.419726,2016-01-28 08:07:48.543112
47b84763-9727-7cdf-b194-2742e3963147,b0702ba1-bac9-4aa0-20f9-4468cd0ba354,"New Enterprise Associates 12, LP",,2006-05-22,,USD,2015-09-26 12:36:41,2015-09-26 12:37:10
4ab1b039-d9ce-f96a-06e7-f737e37eee08,f4920796-bf55-7ee2-db78-512c70c033a5,Norwest Venture Partners X,,2006-04-18,650000000,USD,2016-02-02 07:35:34.072473,2016-02-02 07:35:34.071735
2d0a5bf0-e53e-9a07-2243-9bcd561421ec,d8039dfb-35a0-1923-cf9e-caf2e934efc5,KPCB XII LLC,,2006-03-31,,USD,2016-07-16 08:39:22.795188,2016-07-16 08:40:01.219332
2d0a5bf0-e53e-9a07-2243-9bcd561421ec,7292087f-66a4-30fc-fada-2ef08dd005ff,KPCB PBD Fund LLC,,2006-03-14,,USD,2016-07-16 08:33:20.342392,2016-07-16 08:34:16.911305
d5df3873-7871-c608-0284-c74d0b555ccd,256b83e9-53eb-c55e-a572-83e80cba04a8,Lightspeed Venture Partners VII LP,,2006-02-27,,USD,2015-09-29 10:17:57,2015-10-10 06:13:11.635391
add1bcfe-41e3-7828-253b-d7c8694ed4ca,e958af69-a21e-b8f8-a7bb-bbf8ae394dae,Polaris Venture Partners V,,2006-02-02,1046999999,USD,2016-09-06 15:45:04.339952,2016-09-19 13:34:22.948649
6f2acf2a-5cbf-adb1-cbb4-5829ab0b08cd,ebc5a10c-4f76-bf58-f3a8-9d1572988021,Atlas Venture Fund VII,2006-02-01,2006-02-01,385000000,USD,2014-05-02 17:05:59,2014-09-12 16:05:22
d29973c3-95ec-691d-defd-6a6ba713c72a,946f2ff0-2a58-ca6a-cbd5-65e0d237707d,Redpoint Ventures III,,2006-01-01,404000000,USD,2015-09-01 19:41:59,2015-09-01 19:42:31
f3716725-552d-b9b5-59ad-de4ec64b1751,1368c3df-a082-4578-9987-ab46fc888380,Intel Capital India Technology Fund,2005-12-01,2005-12-05,250000000,USD,2009-06-18 23:32:15,2016-09-05 05:55:24.244103
e2006571-6b7a-e477-002a-f7014f48a7e3,a2be64f8-486c-2be5-6e62-e79665f69e63,Greylock Fund XII,2005-11-14,2005-11-14,500000000,USD,2013-09-10 18:42:16,2016-10-11 04:18:48.451433
34a9bb66-0984-8de0-e7fb-13e976b4a135,7ef7b57b-d57c-da98-c6a4-0d28fa7569d8,General Catalyst Group IV,2005-10-01,2005-10-01,375000000,USD,2015-09-02 14:28:02,2015-09-02 14:28:02
fe2d1e8b-f607-3c9f-fad7-98fb8412f77e,0a3c028c-53b7-d209-19a3-cb1a179f0feb,Benchmark Capital II,,2005-05-05,250000000,USD,2016-09-09 09:43:35.280273,2016-09-09 09:44:01.639628
26bcf130-4aa8-a3b3-3571-1b8f13143370,b20d0e3e-8ec7-2f9e-8a91-1e386386a598,Canaan VII,,2005-05-03,450000000,USD,2015-08-20 23:34:46,2015-08-20 23:34:46
a34c63f0-c277-3e4b-bbfc-1868ca81596d,d9aa9053-37ca-fe4d-3b75-a247692838c7,Fund X,,2005-04-08,1200000000,USD,2016-09-10 07:11:50.869378,2016-09-10 07:12:15.769765
30b3efdf-6024-804d-ea55-c4d1a8dfc86c,022660d5-c91f-3f53-9610-bbdbf0802fe7,GS Private Equity Partners 2004,,2005-03-02,1200000000,USD,2015-10-02 03:47:15.748485,2015-10-02 03:47:53.725407
b08efc27-da40-505a-6f9d-c9e14247bf36,564448bf-d7d0-fec1-344f-be98fd0437da,"Accel IX Strategic Partners, LP",,2005-01-14,,USD,2015-09-26 11:07:18,2015-09-26 11:07:57
2ca323e0-fbcc-f738-a7a1-86b6322788bd,ce70fd16-d402-260e-dbdf-ee5df58ba88c,High-Tech Gruenderfonds I,,2005-01-01,272000000,EUR,2014-11-17 11:59:28,2014-11-18 13:02:19
a2b35e8b-e3e9-883b-8a07-38e6ef57d726,a826ac64-c5a6-9a7e-d091-b59aaa065d31,"U.S. Venture Partners IX, LP",,2004-11-05,600000000,USD,2015-09-14 09:53:29,2015-09-26 13:09:25
7a42b564-4bb6-5864-6cdb-a0100008f3b3,870d38d4-a7d5-1b20-1e1c-97d44bb08f83,Battery Ventures VII,,2004-10-04,450000000,USD,2015-09-21 11:01:50,2015-09-21 11:02:44
f3716725-552d-b9b5-59ad-de4ec64b1751,4ccf0b47-99c0-f6b1-e780-13d05185fe1b,Intel Capital Digital Home Fund,,2004-07-01,200000000,USD,2015-11-28 10:44:07.364156,2015-11-28 10:44:52.932122
2d0a5bf0-e53e-9a07-2243-9bcd561421ec,70bff5c8-8b22-a880-22b6-af2c57b72221,Kleiner Perkins Caufield & Byers XI,,2004-05-05,400000000,USD,2015-09-23 09:50:27,2015-09-23 09:54:07
fe2d1e8b-f607-3c9f-fad7-98fb8412f77e,c0384917-1008-3e0a-eb3b-79356e9b7924,Benchmark Capital V,,2004-05-04,400000000,USD,2015-09-23 10:12:13,2015-09-23 10:12:13
ed24f9ce-2313-cb8c-8ff2-9de6899ea992,0c31e4bb-3ae3-dae5-0941-36bec387f8b0,Venrock Associates IV,,2004-01-14,550000000,USD,2015-09-25 11:33:45,2015-09-25 11:53:08
47b84763-9727-7cdf-b194-2742e3963147,03a6d281-aae9-7a93-70a5-769a1f4d1f1e,New Enterprise Associates 11 LP,,2003-12-30,996380000,USD,2015-09-25 10:16:32,2015-09-29 10:33:15
30b3efdf-6024-804d-ea55-c4d1a8dfc86c,36bc6a4c-a0eb-03d4-0e2c-4f5116a6ace9,GS Mezzanine Partners III,,2003-09-08,2700000000,USD,2015-09-16 08:57:00,2015-09-16 12:02:24
34a9bb66-0984-8de0-e7fb-13e976b4a135,39146a12-faa9-f958-4652-1d7cad02af3d,General Catalyst Group III,2003-09-01,2003-09-01,275000000,USD,2015-09-02 14:27:14,2015-09-02 14:27:14
4ab1b039-d9ce-f96a-06e7-f737e37eee08,d2b20efe-2174-293f-be58-d27dc3ab07f6,Norwest Venture Partners IX,,2002-01-15,400000000,USD,2016-02-02 07:34:40.925125,2016-02-02 07:34:40.923951
26bcf130-4aa8-a3b3-3571-1b8f13143370,353987ba-5d17-ede7-124b-f11567555c0a,Canaan Equity III,,2001-09-25,700000000,USD,2015-08-07 04:31:42,2016-06-23 06:42:07.122627
add1bcfe-41e3-7828-253b-d7c8694ed4ca,7c7c3423-4c58-d058-598a-e286d006a76f,Polaris Venture Partners IV,,2001-08-13,932000000,USD,2015-08-08 10:58:49,2016-09-19 13:33:33.29341
6f2acf2a-5cbf-adb1-cbb4-5829ab0b08cd,337023f1-b616-f375-12c0-e721e171d0a2,Atlas Venture Fund VI,2001-08-01,2001-08-01,600000000,USD,2014-05-03 22:03:58,2014-09-10 23:17:23
34a9bb66-0984-8de0-e7fb-13e976b4a135,472418b3-4f0f-cae2-6ff3-18972a42c758,General Catalyst Group II,2001-06-01,2001-06-01,200000000,USD,2015-09-02 14:26:11,2015-09-02 14:26:11
ed24f9ce-2313-cb8c-8ff2-9de6899ea992,a90983cf-66e3-23a6-3cd7-5905df7c2f89,Venrock Associates III,,2000-06-30,656000000,USD,2015-09-25 12:36:41,2015-09-25 12:37:36
7a42b564-4bb6-5864-6cdb-a0100008f3b3,72836122-5d95-9cbd-f27b-bc0617931f00,Battery VI,,2000-06-14,1000000000,USD,2015-08-01 13:14:44,2015-08-01 13:15:44
b08efc27-da40-505a-6f9d-c9e14247bf36,91ef1bd7-2af5-9da9-7226-bf4e76e9aebc,Accel Fund VIII,,2000-06-12,1600000000,USD,2015-08-02 08:17:26,2015-08-02 08:18:09
4ab1b039-d9ce-f96a-06e7-f737e37eee08,f387c05a-46a0-4bc3-c657-cc88aef5ed3c,Norwest Venture Partners VIII,,2000-04-24,300000000,USD,2016-02-02 07:33:12.212069,2016-02-02 07:33:12.21132
b51ff078-c9d9-9f51-681d-4f9ac888e070,373282b7-2bd9-697c-d49f-a7b9f065de4e,Highland Capital Partners V,2000-01-17,2000-01-17,500000000,USD,2016-01-04 14:01:23.628842,2016-01-04 14:02:11.06511
add1bcfe-41e3-7828-253b-d7c8694ed4ca,facfe0f6-b566-1a76-fe1d-e0711ae253bf,Polaris Venture Partners III,,2000-01-06,835000000,USD,2016-09-06 15:41:52.699094,2016-09-19 13:29:45.484458
30b3efdf-6024-804d-ea55-c4d1a8dfc86c,c31fcfab-db90-b4e4-ba37-2631692365aa,GS Mezzanine Partners II,,2000-01-01,1300000000,USD,2015-09-16 09:07:28,2015-09-16 12:02:09
d29973c3-95ec-691d-defd-6a6ba713c72a,f15d8b46-2f7b-05e1-ca6e-eb376f390342,Redpoint Ventures II,,2000-01-01,750000000,USD,2015-09-01 19:41:07,2015-09-01 19:41:08
d29973c3-95ec-691d-defd-6a6ba713c72a,cbbf319d-b17a-e272-fc02-923989f7ff31,Redpoint Ventures I,,1999-11-08,600000000,USD,2015-09-01 19:39:52,2015-12-13 09:30:13.752878
4ab1b039-d9ce-f96a-06e7-f737e37eee08,1a5a27e2-6205-1358-595e-d53f1bd3ea03,Norwest Venture Partners VII,,1999-02-09,325000000,USD,2016-02-02 07:31:58.250646,2016-02-02 07:31:58.25
d29973c3-95ec-691d-defd-6a6ba713c72a,262dba2d-5271-99e0-01f0-aa26fba4cbfe,Various Side Funds,,1999-01-01,180000000,USD,2015-09-01 20:16:52,2015-09-01 20:16:52
add1bcfe-41e3-7828-253b-d7c8694ed4ca,e0eb8e39-5cd1-b55a-a4ba-a30b7dcecd17,Polaris Venture Partners II,,1998-04-15,182000000,USD,2016-09-06 15:40:48.523274,2016-09-19 13:28:29.826157
4ab1b039-d9ce-f96a-06e7-f737e37eee08,07bae672-218f-c034-c056-14aa6b2e5b93,Norwest Venture Partners VI,,1997-01-15,300000000,USD,2016-02-02 07:30:03.155862,2016-02-02 07:30:03.155205
f5315b3c-bb4c-1828-9b81-2f2103cdb761,ecc8cebf-26ca-38d5-996e-a3519b4bf0e3,Fund I,1996-01-01,1997-01-01,100000000,USD,2014-11-20 00:12:27,2014-11-20 00:12:28
add1bcfe-41e3-7828-253b-d7c8694ed4ca,f2bbf91a-dc55-e2f5-00b5-a44ac7cfb4e6,Polaris Venture Partners,,1996-03-07,85000000,USD,2016-09-06 15:39:35.739633,2016-09-19 13:26:48.750815
30b3efdf-6024-804d-ea55-c4d1a8dfc86c,52e2d3b6-ab04-8b77-1652-19be7a4d2448,GS Mezzanine Partners I,,1996-01-01,1200000000,USD,2015-09-16 09:06:00,2015-09-16 12:02:17
4ab1b039-d9ce-f96a-06e7-f737e37eee08,d907d63c-31b6-9d4b-ba22-aa2938e6037a,Norwest V,,1994-12-05,300000000,USD,2016-02-02 07:24:08.425208,2016-02-02 07:24:08.42442
4ab1b039-d9ce-f96a-06e7-f737e37eee08,f41183a3-0177-2ddd-4c9b-2fe2e578b7e0,Norwest IV,,1989-09-08,200000000,USD,2016-02-02 07:22:03.255407,2016-02-02 07:22:03.254707
